{
    "eye_centre": [
        [
            117.74838982715987
        ],
        [
            -403.9831721902147
        ],
        [
            3333.3333333333335
        ]
    ],
    "aver_eye_radius": 81.98285785622159
}