{
    "aver_eye_radius": 760.4992380749196,
    "eye_centre": [
        [
            -213.05002542697954
        ],
        [
            1.360829765953516
        ],
        [
            3333.3333333333335
        ]
    ]
}