{
    "aver_eye_radius": 850.847263403789,
    "eye_centre": [
        [
            -183.56740893074036
        ],
        [
            48.01728315049919
        ],
        [
            3333.3333333333335
        ]
    ]
}